Suite/Test/Step Name,Browser,Description,Tag,Start time,End time,Duration,Status
TS2,Chrome 126.0.0.0,,,02-07-2024 22:20:29,02-07-2024 22:20:41,12.859s,PASSED
,,,,,,,
Test Cases/TC06,Chrome 126.0.0.0,,,02-07-2024 22:20:29,02-07-2024 22:20:36,7.202s,PASSED
"openBrowser("""")",Chrome 126.0.0.0,,,02-07-2024 22:20:29,02-07-2024 22:20:30,1.232s,PASSED
"navigateToUrl(""https://katalon-demo-cura.herokuapp.com/"")",Chrome 126.0.0.0,,,02-07-2024 22:20:30,02-07-2024 22:20:35,4.812s,PASSED
"click(findTestObject(""Object Repository/Page_CURA Healthcare Service/i_infokatalon.com_fa fa-facebook fa-fw fa-3x""))",Chrome 126.0.0.0,,,02-07-2024 22:20:35,02-07-2024 22:20:35,0.339s,PASSED
"click(findTestObject(""Object Repository/Page_CURA Healthcare Service/i_infokatalon.com_fa fa-facebook fa-fw fa-3x""))",Chrome 126.0.0.0,,,02-07-2024 22:20:35,02-07-2024 22:20:35,0.258s,PASSED
"verifyElementClickable(findTestObject(""Object Repository/Page_CURA Healthcare Service/a_CURA Healthcare_menu-toggle""))",Chrome 126.0.0.0,,,02-07-2024 22:20:35,02-07-2024 22:20:36,0.260s,PASSED
closeBrowser(),Chrome 126.0.0.0,,,02-07-2024 22:20:36,02-07-2024 22:20:36,0.095s,PASSED
,,,,,,,
Test Cases/TC07,Chrome 126.0.0.0,,,02-07-2024 22:20:36,02-07-2024 22:20:41,5.546s,PASSED
"openBrowser("""")",Chrome 126.0.0.0,,,02-07-2024 22:20:36,02-07-2024 22:20:36,0.548s,PASSED
"navigateToUrl(""https://katalon-demo-cura.herokuapp.com/"")",Chrome 126.0.0.0,,,02-07-2024 22:20:36,02-07-2024 22:20:41,4.292s,PASSED
"click(findTestObject(""Object Repository/Page_CURA Healthcare Service/p_Atlanta 550 Pharr Road NE Suite 525Atlant_8f4c85""))",Chrome 126.0.0.0,,,02-07-2024 22:20:41,02-07-2024 22:20:41,0.283s,PASSED
"verifyElementVisible(findTestObject(""Object Repository/Page_CURA Healthcare Service/p_Atlanta 550 Pharr Road NE Suite 525Atlant_8f4c85""))",Chrome 126.0.0.0,,,02-07-2024 22:20:41,02-07-2024 22:20:41,0.260s,PASSED
closeBrowser(STOP_ON_FAILURE),Chrome 126.0.0.0,,,02-07-2024 22:20:41,02-07-2024 22:20:41,0.100s,PASSED
